click_url,thumbnail_url,star_average,name,sold,price
https://tiki.vn/camera-ip-wifi-tp-link-tapo-c200-full-hd-1080p-giam-sat-an-ninh-hang-chinh-hang-p74500335.html?spid=74500336,https://salt.tikicdn.com/cache/280x280/ts/product/32/6b/3a/36d4b9218ca351860cc2ccc830f4ffed.jpg,94,Camera IP Wifi TP-Link Tapo C200 Full HD 1080P Gi√°m s√°t An Ninh - H√†ng Ch√≠nh H√£ng,12131,498000
https://tiki.vn/camera-ip-wifi-imou-ranger-a2-a22ep-d-v3-full-hd-1080p-phien-ban-2022-hang-chinh-hang-p154259057.html?spid=154259058,https://salt.tikicdn.com/cache/280x280/ts/product/b3/57/e9/929d9296c9043dae15a33d3d1d9c661c.png,94,"Camera IP WIFI IMOU RANGER A2 (A22EP-D-V3) Full HD 1080P, phi√™n b·∫£n 2022- H√†ng Ch√≠nh H√£ng",1470,494000
https://tiki.vn/camera-wifi-ezviz-mini-cs-c1c-b-full-hd-1080p-chinh-hang-chuan-nen-h265-moi-dam-thoai-2-chieu-tich-hop-che-do-nha-thong-minh-hang-chinh-hang-p84866683.html?spid=157218954,https://salt.tikicdn.com/cache/280x280/ts/product/9a/a2/49/de9c55d15d8a0f3ece48f289ec661455.png,94,"Camera wifi Ezviz mini CS-C1C-B Full HD 1080P Ch√≠nh h√£ng chu·∫©n n√©n H265 m·ªõi , ƒê√†m Tho·∫°i 2 Chi·ªÅu T√≠ch H·ª£p Ch·∫ø ƒê·ªô Nh√† Th√¥ng Minh - H√†ng Ch√≠nh H√£ng",2595,502000
https://tiki.vn/camera-ip-ezviz-cs-c3n-a0-3h2wfrl-1080p-co-mau-ban-dem-hang-chinh-hang-p57694501.html?spid=57836807,https://salt.tikicdn.com/cache/280x280/ts/product/e1/3f/d2/bcc2037ef6cbff17005067aff4f03b07.png,94,Camera IP EZVIZ CS-C3N ( A0-3H2WFRL / A0-3G2WFL1 ) 1080P C√≥ M√†u Ban ƒê√™m - H√†ng Ch√≠nh H√£ng,2187,903000
https://tiki.vn/camera-imou-wifi-a22ep-1080p-2m-xoay-360-do-dam-thoai-2-chieu-hang-chinh-hang-p242618146.html?spid=242618151,https://salt.tikicdn.com/cache/280x280/ts/product/60/be/d1/0a6b64a50a893e3dc4fe8bc309758a49.jpg,94,Camera IMOU wifi A22EP 1080P 2M xoay 360 ƒë·ªô ƒë√†m tho·∫°i 2 chi·ªÅu - H√†ng ch√≠nh h√£ng,442,755000
https://tiki.vn/camera-wifi-deli-full-hd-1080p-360-do-chinh-hang-giam-sat-an-ninh-gia-dinh-van-phong-es102-p162227436.html?spid=162227438,https://salt.tikicdn.com/cache/280x280/ts/product/bb/3c/fb/85ee09d884ac4bca915c6d8acd730138.jpg,90,"Camera IP Wifi Deli Full HD 1080P 360 ƒê·ªô ƒê√†m Tho·∫°i 2 Chi·ªÅu - An Ninh Gia ƒê√¨nh, VƒÉn Ph√≤ng - H√†ng Ch√≠nh H√£ng - ES102",735,493000
https://tiki.vn/camera-imou-ranger-2-camera-xoay-360-ai-phat-hien-nguoi-mang-trap-rieng-tu-2mp-4mp-hang-chinh-hang-p142796515.html?spid=181468316,https://salt.tikicdn.com/cache/280x280/ts/product/b2/5c/1c/5dddd64487a6f659acd5c755e72b1e97.png,100,"Camera IMOU Ranger 2, Camera Xoay 360, AI Ph√°t hi·ªán ng∆∞·ªùi, m√†ng tr·∫≠p ri√™ng t∆∞ 2MP/4MP - H√†ng Ch√≠nh H√£ng",313,489000
https://tiki.vn/camera-xiaomi-360-imilab-home-security-chat-luong-cao-1296x2304-dam-thoai-2-chieu-che-do-hong-ngoai-ban-dem-che-do-chong-trom-hang-chinh-hang-p75664666.html?spid=75664667,https://salt.tikicdn.com/cache/280x280/ts/product/4a/dd/f2/3b51ddda98892afc7ad7d1ab400cabb3.jpg,91,"Camera Xiaomi 360 Imilab Home Security Ch·∫•t L∆∞·ª£ng Cao 1296x2304, ƒê√†m Tho·∫°i 2 Chi·ªÅu, Ch·∫ø ƒê·ªô H·ªìng Ngo√†i Ban ƒê√™m, Ch·∫ø ƒê·ªô Ch·ªëng Tr·ªôm - H√†ng ch√≠nh h√£ng",430,799000
https://tiki.vn/camera-ip-wifi-ezviz-c6n-1080p-hang-chinh-hang-p41319582.html?spid=44196074,https://salt.tikicdn.com/cache/280x280/ts/product/db/98/35/721ddd438c1cb5b908858a0aa2586eed.png,96,Camera IP Wifi Trong Nh√† EZVIZ C6N 1080p - H√†ng Ch√≠nh H√£ng,699,496689
https://tiki.vn/camera-yoosee-trong-nha-the-he-moi-ban-dem-co-mau-dam-thoai-hai-chieu-full-hd-1080p-p148713428.html?spid=161938690,https://salt.tikicdn.com/cache/280x280/ts/product/c1/eb/04/926b9663811bb91603b1011c71c33b41.jpg,84,"Camera Yoosee Trong Nh√† Th·∫ø H·ªá M·ªõi Ban ƒê√™m C√≥ M√†u, ƒê√†m Tho·∫°i Hai Chi·ªÅu Full HD 1080P-H√†ng Nh·∫≠p Kh·∫©u",61,380000
https://tiki.vn/camera-dahua-imou-c22sp-chip-hinh-anh-the-he-moi-2022-dam-thoai-2-chieu-full-hd-1080-goc-sieu-rong-hang-chinh-hang-p142217257.html?spid=149767265,https://salt.tikicdn.com/cache/280x280/ts/product/7d/e4/f3/d80af71a44af2e5251db944c5270d665.png,94,Camera Dahua Imou C22SP - Chip H√¨nh ·∫¢nh Th·∫ø H·ªá M·ªõi 2022 - ƒê√†m Tho·∫°i 2 Chi·ªÅu - Full HD 1080 - G√≥c Si√™u R·ªông - H√†ng Ch√≠nh H√£ng,238,446000
https://tiki.vn/camera-xiaomi-wifi-360-mi-home-security-do-phan-giai-full-hd-1080p-dam-thoai-2-chieu-cam-bien-chuyen-dong-che-do-chong-trom-hang-chinh-hang-p75540518.html?spid=75540519,https://salt.tikicdn.com/cache/280x280/ts/product/a6/2a/28/a3e702ce0ec7487bb67219ebbf2384d2.jpg,91,"Camera Xiaomi Wifi 360 Mi Home Security ƒê·ªô Ph√¢n Gi·∫£i Full HD 1080P ƒê√†m Tho·∫°i 2 Chi·ªÅu C·∫£m Bi·∫øn Chuy·ªÉn ƒê·ªông, Ch·∫ø ƒê·ªô Ch·ªëng Tr·ªôm - H√†ng ch√≠nh h√£ng",607,799000
https://tiki.vn/camera-ip-wifi-ezviz-c6n-2-0mpx-kem-the-nho-32g-hang-chinh-hang-p103995541.html?spid=103995542,https://salt.tikicdn.com/cache/280x280/ts/product/60/c3/fd/4d449fa9e2776c5616ed9a15547e7746.jpg,96,"camera IP WIFI EZVIZ C6N 2.0MPX ,K√àM TH·∫∫ NH·ªö 32G ,H√ÄNG CH√çNH H√ÉNG.",424,572000
https://tiki.vn/camera-wifi-ezviz-c6n-4mp-do-phan-giai-2k-dam-thoai-2-chieu-hong-ngoai-dem-10m-xoay-doc-55-do-xay-ngang-360-do-hang-chinh-hang-p158451563.html?spid=166559111,https://salt.tikicdn.com/cache/280x280/ts/product/4a/87/92/c5ce516a1eb652bce4d3d69953e1ccf9.jpg,100,"Camera WIFI EZVIZ C6N 4MP, ƒê·ªô Ph√¢n Gi·∫£i 2K, ƒê√†m Tho·∫°i 2 Chi·ªÅu, H·ªìng Ngo·∫°i ƒê√™m 10m, Xoay D·ªçc 55 ƒê·ªô Xay Ngang 360 ƒê·ªô - H√†ng Ch√≠nh H√£ng",46,689000
https://tiki.vn/camera-mini-sieu-nho-giam-sat-a9-fullhd-1080p-ip-wifi-ket-noi-voi-dien-thoai-co-pin-p101349749.html?spid=101349761,https://salt.tikicdn.com/cache/280x280/ts/product/d0/9a/1c/1814198ad0c86cc78aab179025585491.JPG,64,"Camera mini si√™u nh·ªè gi√°m s√°t A9 FullHD 1080p IP wifi k·∫øt n·ªëi v·ªõi ƒëi·ªán tho·∫°i, c√≥ pin",329,150000
https://tiki.vn/camera-wifi-yoosee-4-0-mpx-full-hd-dong-ngoai-troi-xoay-360-4-rau-c12-xem-dem-co-mau-dam-thoai-2-chieu-phat-hien-chuyen-dong-chong-trom-hang-nhap-khau-p116903572.html?spid=116903578,https://salt.tikicdn.com/cache/280x280/ts/product/cc/6a/70/7839d3a2ba5611dc0926c83a79d73479.jpg,91,"Camera Wifi Yoosee 4.0 Mpx Full HD, D√≤ng Ngo√†i Tr·ªùi Xoay 360¬∞ 4 r√¢u C12 Xem ƒê√™m C√≥ M√†u-ƒê√†m Tho·∫°i 2 Chi·ªÅu-Ph√°t Hi·ªán Chuy·ªÉn ƒê·ªông Ch·ªëng Tr·ªôm-H√†ng Nh·∫≠p Kh·∫©u",949,720000
https://tiki.vn/camera-imou-wifi-versa-trong-nha-va-ngoai-troi-i-dam-thoai-i-phat-hien-chuyen-dong-i-mau-ban-dem-p201906784.html?spid=201906786,https://salt.tikicdn.com/cache/280x280/ts/product/e1/a9/34/bc670c69e5288fc9519afefb3e780758.jpg,68,Camera Imou Wifi Versa trong nh√† v√† ngo√†i tr·ªùi I ƒê√†m tho·∫°i I Ph√°t hi·ªán chuy·ªÉn ƒë·ªông I M√†u ban ƒë√™m I H√†ng ch√≠nh h√£ng,34,819000
https://tiki.vn/camera-wifi-tp-link-tapo-c210-do-phan-giai-3mp-luu-tru-256gb-giam-sat-an-ninh-hang-chinh-hang-p107356974.html?spid=107356975,https://salt.tikicdn.com/cache/280x280/ts/product/21/48/8a/c847dfac44083d08ca2da5ea36eccbe6.jpg,91,Camera Wifi TP-Link Tapo C210 ƒê·ªô Ph√¢n Gi·∫£i 3MP L∆∞u tr·ªØ 256GB Gi√°m S√°t An Ninh - H√†ng Ch√≠nh H√£ng,702,749000
https://tiki.vn/combo-camera-wifi-tp-link-tapo-c100-2mp-va-the-nho-microsd-kioxia-32gb-64gb-128gb-hang-chinh-hang-p196023427.html?spid=196023433,https://salt.tikicdn.com/cache/280x280/ts/product/ce/01/aa/89e9d3302a97594ff8d57961d92f1542.jpg,100,Combo Camera WiFi TP-Link Tapo C100 2MP v√† Th·∫ª Nh·ªõ MicroSD Kioxia 32Gb/64Gb/128Gb - H√†ng Ch√≠nh H√£ng,19,639000
https://tiki.vn/camera-wifi-yoosee-5-0-mpx-full-hd-dong-ngoai-troi-xoay-360-c12-xem-dem-co-mau-dam-thoai-2-chieu-phat-hien-chuyen-dong-chong-trom-hang-nhap-khau-p194040477.html?spid=194040483,https://salt.tikicdn.com/cache/280x280/ts/product/c7/14/3d/b8265b26d2fb2baac6ea886d80aceac1.jpg,100,"Camera Wifi Yoosee 5.0 Mpx Full HD, D√≤ng Ngo√†i Tr·ªùi Xoay 360¬∞,C12 Xem ƒê√™m C√≥ M√†u-ƒê√†m Tho·∫°i 2 Chi·ªÅu-Ph√°t Hi·ªán Chuy·ªÉn ƒê·ªông Ch·ªëng Tr·ªôm-H√†ng Nh·∫≠p Kh·∫©u",97,720000
https://tiki.vn/camera-khong-day-ezviz-ty1-sieu-net-chong-nguoc-sang-hang-chinh-hang-p242618399.html?spid=242618410,https://salt.tikicdn.com/cache/280x280/ts/product/3e/99/7a/5ba65d2f19c92d8226138ba7c4ed8dc3.jpg,96,Camera kh√¥ng d√¢y EZVIZ TY1 si√™u n√©t ch·ªëng ng∆∞·ª£c s√°ng - H√†ng ch√≠nh h√£ng,141,949000
https://tiki.vn/camera-wifi-tp-link-tapo-c310-3mp-an-ninh-ngoai-troi-hang-chinh-hang-p85764360.html?spid=85764361,https://salt.tikicdn.com/cache/280x280/ts/product/ec/e3/83/710ae6f18b7ebcc4fc8a03254811566d.jpg,96,Camera Wifi TP-Link Tapo C310 3MP An Ninh Ngo√†i Tr·ªùi - H√†ng Ch√≠nh H√£ng,1246,999000
https://tiki.vn/camera-yoosee-bong-den-the-he-moi-8-led-5-0mp-goc-rong-sieu-net-full-hd-hong-ngoai-quay-dem-hang-chinh-hang-p200004710.html?spid=205837719,https://salt.tikicdn.com/cache/280x280/ts/product/11/5a/e9/999d0899a7777790cf94fba36321da94.jpg,84,Camera Yoosee B√≥ng ƒê√®n Th·∫ø H·ªá M·ªõi 8 Led 5.0Mp G√≥c R·ªông Si√™u N√©t Full Hd H·ªìng Ngo·∫°i Quay ƒê√™m H√†ng Ch√≠nh H√£ng,82,284000
https://tiki.vn/camera-ip-yoosee-wifi-3-rau-8-led-co-mau-ban-dem-xoay-360-do-ban-chuan-1080pixel-hang-nhap-khau-p116987925.html?spid=116987931,https://salt.tikicdn.com/cache/280x280/ts/product/67/c5/57/742b9bbe869090cf82b51007607aed90.jpg,90,"Camera ip Yoosee Wifi 3 R√¢u 8 Led C√≥ M√†u Ban ƒê√™m, xoay 360 ƒë·ªô, B·∫£n Chu·∫©n 1080Pixel - H√†ng Nh·∫≠p Kh·∫©u",251,420000
https://tiki.vn/combo-camera-wifi-tp-link-tapo-c200-2mp-va-the-nho-microsd-kioxia-32gb-64gb-128gb-hang-chinh-hang-p187623126.html?spid=187623130,https://salt.tikicdn.com/cache/280x280/ts/product/0c/b5/ac/57052f631edf131499583cba307818ce.jpg,96,Combo Camera WiFi TP-Link Tapo C200 2MP v√† Th·∫ª Nh·ªõ MicroSD Kioxia 32Gb/64Gb/128Gb - H√†ng Ch√≠nh H√£ng,415,599000
https://tiki.vn/camera-wifi-trong-nha-yoosee-3-0-full-hd-3-rau-xoay-360-do-dam-thoai-2-chieu-cam-bien-bao-dong-hang-nhap-khau-p106641569.html?spid=106641571,https://salt.tikicdn.com/cache/280x280/ts/product/83/bd/42/8db83a8b9ef860ba77fc75d0c1d40347.jpg,91,"Camera Wifi Trong Nh√† Yoosee 3.0 Full HD, 3 R√¢u, Xoay 360 ƒë·ªô , ƒê√†m Tho·∫°i 2 Chi·ªÅu, C·∫£m Bi·∫øn B√°o ƒê·ªông ‚Äì H√†ng nh·∫≠p kh·∫©u",2050,299000
https://tiki.vn/chan-de-dome-cho-camera-ezviz-imou-yoosee-hang-chinh-hang-p111483922.html?spid=147006159,https://salt.tikicdn.com/cache/280x280/ts/product/6c/85/d7/cca69ddd5e5bee9b2c7645a6a5addbd9.jpg,100,"Ch√¢n ƒê·∫ø Dome cho camera Ezviz, Imou, Yoosee - H√†ng Ch√≠nh H√£ng",650,7900
https://tiki.vn/camera-ip-op-tran-mini-x8700-xoay-360-do-sieu-net-2-0mp-chuan-fullhd-tich-hop-den-led-co-mau-ban-dem-hang-nhap-khau-p157849488.html?spid=200820366,https://salt.tikicdn.com/cache/280x280/ts/product/83/d1/a7/ee1551d9b2d33dc01e7d32160fc66ac3.jpg,90,Camera IP ·ªêp tr·∫ßn mini X8700 xoay 360 ƒë·ªô si√™u n√©t 2.0Mp chu·∫©n FullHD t√≠ch h·ª£p ƒë√®n LED c√≥ m√†u ban ƒë√™m - H√†ng nh·∫≠p kh·∫©u,69,310000
https://tiki.vn/camera-ip-wifi-ezviz-c3tn-2mp-color-night-ngoai-troi-co-mau-ban-dem-new-h265-hang-chinh-hang-p188012852.html?spid=205263567,https://salt.tikicdn.com/cache/280x280/ts/product/50/29/c1/cd656dd769a15202b5011a2f65b08a26.jpg,0,"Camera IP Wifi EZVIZ C3TN 2MP (Color Night ) - ngo√†i tr·ªùi, c√≥ m√†u ban ƒë√™m NEW H265 - H√†ng ch√≠nh h√£ng",1,822000
https://tiki.vn/camera-wifi-yoosee-4-rau-17-led-full-hd-6-0mpx-xoay-360-chuyen-dung-ngoai-troi-hang-nhap-khau-p181976961.html?spid=194063181,https://salt.tikicdn.com/cache/280x280/ts/product/c6/8b/e2/b278888558064cd4efdf59725c9b7230.jpg,86,"Camera wifi Yoosee 4 R√¢u 17 Led FULL HD 6.0Mpx, Xoay 360¬∞ Chuy√™n D·ª•ng Ngo√†i Tr·ªùi - H√†ng Nh·∫≠p Kh·∫©u",62,499000
https://tiki.vn/combo-camera-wifi-tp-link-tapo-c210-3mp-va-the-nho-microsd-kioxia-32gb-64gb-128gb-hang-chinh-hang-p187636607.html?spid=187636613,https://salt.tikicdn.com/cache/280x280/ts/product/5f/c3/21/eb0eac10c599422ab4f1144747bbfda1.jpg,96,Combo Camera WiFi TP-Link Tapo C210 3MP v√† Th·∫ª Nh·ªõ MicroSD Kioxia 32Gb/64Gb/128Gb - H√†ng Ch√≠nh H√£ng,200,879000
https://tiki.vn/camera-ngoai-troi-yoosee-516-4r-5-0mp-4-rau-xoay-ngoai-troi-36-led-sieu-net-p179555815.html?spid=184595795,https://salt.tikicdn.com/cache/280x280/ts/product/34/5c/9e/196ca5b00f8511bd00e35ea0d1694ab8.jpg,91,Camera Ngo√†i Tr·ªùi YOOSEE 516-4R 5.0MP 4 r√¢u Xoay ngo√†i tr·ªùi 36 LED si√™u n√©t - H√ÄNG CH√çNH H√ÉNG,77,428000
https://tiki.vn/camera-360-xiaomi-hang-chinh-hang-camera-quan-sat-mi-360-1080p-mi-home-security-co-den-hong-ngoai-ket-noi-wifi-p193778046.html?spid=193778047,https://salt.tikicdn.com/cache/280x280/ts/product/01/0b/5d/48e199897f9989c4c227f919303ed48c.png,100,"Camera 360¬∞ Xiaomi - H√†ng ch√≠nh h√£ng - Camera quan s√°t Mi 360¬∞ 1080P Mi Home Security c√≥ ƒë√®n h·ªìng ngo·∫°i, k·∫øt n·ªëi wifi",77,849000
https://tiki.vn/camera-wifi-ezviz-c3tn-3mp-dam-thoai-2-chieu-hang-chinh-hang-p162531091.html?spid=170338158,https://salt.tikicdn.com/cache/280x280/ts/product/e2/48/71/324d2f58087e0cc02322221aba2f5bd5.png,100,Camera Wifi EZVIZ C3TN 3MP ƒë√†m tho·∫°i 2 chi·ªÅu - H√†ng ch√≠nh h√£ng,162,935000
https://tiki.vn/camera-ip-wifi-ngoai-troi-yoosee-gw-d08s-ban-dem-co-mau-hang-nhap-khau-p44772856.html?spid=193200810,https://salt.tikicdn.com/cache/280x280/ts/product/7b/59/0e/95648bc81fb44dcf5d04286fe10e7ae9.jpg,91,Camera Ip Wifi Ngo√†i Tr·ªùi Yoosee GW-D08S ban ƒë√™m c√≥ m√†u - H√†ng Nh·∫≠p Kh·∫©u,134,438000
https://tiki.vn/camera-wifi-ezviz-h8-2k-do-phan-giai-3mp-bao-phu-toan-canh-360-do-phat-hien-con-nguoi-dam-thoai-2-chieu-p205985107.html?spid=214770147,https://salt.tikicdn.com/cache/280x280/ts/product/5e/9a/a5/d488b2fa2bbb75e33f6e886b6ad5b679.png,94,"Camera WiFi EZVIZ H8 2K - ƒê·ªô Ph√¢n Gi·∫£i 3MP, Bao Ph·ªß To√†n C·∫£nh 360 ƒê·ªô, Ph√°t Hi·ªán Con Ng∆∞·ªùi, ƒê√†m Tho·∫°i 2 Chi·ªÅu- H√ÄNG CH√çNH H√ÉNG",26,1310000
https://tiki.vn/camera-yoosee-bong-den-the-he-moi-8-led-5-0mp-goc-rong-sieu-net-full-hd-hong-ngoai-quay-dem-hang-chinh-hang-p214142385.html?spid=214142391,https://salt.tikicdn.com/cache/280x280/ts/product/17/6c/09/a956c358de5de92e4fc0623db1337304.jpg,60,Camera Yoosee B√≥ng ƒê√®n Th·∫ø H·ªá M·ªõi 8 Led 5.0Mp G√≥c R·ªông Si√™u N√©t Full Hd H·ªìng Ngo·∫°i Quay ƒê√™m H√†ng Ch√≠nh H√£ng,28,412000
https://tiki.vn/camera-yoosee-ptz-mini-28led-3-0m-xoay-360-do-sieu-net-co-mau-ban-dem-hang-chinh-hang-p117029736.html?spid=212603738,https://salt.tikicdn.com/cache/280x280/ts/product/d9/77/70/a27ca6f8cb146d4be3d9d72186e86d35.jpg,100,Camera Yoosee PTZ MINI 28Led 3.0M Xoay 360 ƒë·ªô si√™u n√©t - C√≥ M√†u Ban ƒê√™m- H√†ng Ch√≠nh H√£ng,15,450000
https://tiki.vn/camera-ip-wifi-xoay-360-do-ngoai-troi-ezviz-c8c-c8w-c8pf-trangiatelecom-p169517340.html?spid=169517344,https://salt.tikicdn.com/cache/280x280/ts/product/e6/d7/84/e251e0e72ca67e82dc40e1539794da01.jpg,94,Camera IP wifi xoay 360 ƒë·ªô ngo√†i tr·ªùi Ezviz C8C C8W C8PF -  H√†ng ch√≠nh h√£ng,123,1465000
https://tiki.vn/camera-ip-wifi-yoosee-full-hd-1080p-hang-nhap-khau-p23068516.html?spid=214199442,https://salt.tikicdn.com/cache/280x280/ts/product/50/c4/4e/e7e3691e98a65c02aba05623c0c72a9c.jpg,90,Camera IP Wifi Yoosee Full HD 1080P - H√†ng Nh·∫≠p Kh·∫©u,21,249000
https://tiki.vn/camera-ip-wifi-2-0mp-kbone-kn-h21w-d-hang-nhap-khau-p161203403.html?spid=174401439,https://salt.tikicdn.com/cache/280x280/ts/product/5a/87/d6/e8fa369bf7eec672a457086845aa4174.jpg,96,Camera IP Wifi 2.0MP KBONE KN-H21W-D - H√†ng nh·∫≠p kh·∫©u,96,499000
https://tiki.vn/camera-wifi-trong-nha-yoosee-3mpx-full-hd-3-rau-11-den-hong-ngoai-xoay-360-do-dam-thoai-2-chieu-cam-bien-bao-dong-hang-nhap-khau-p161937337.html?spid=225288871,https://salt.tikicdn.com/cache/280x280/ts/product/df/ec/a5/6ab80d61bb1c233822472b1067c98d23.jpg,91,"Camera Wifi Trong Nh√† Yoosee 3Mpx Full HD, 3 R√¢u 11 ƒê√®n H·ªìng Ngo·∫°i, Xoay 360 ƒë·ªô , ƒê√†m Tho·∫°i 2 Chi·ªÅu, C·∫£m Bi·∫øn B√°o ƒê·ªông ‚Äì H√†ng nh·∫≠p kh·∫©u",92,388000
https://tiki.vn/camera-wi-fi-tp-link-tapo-c200-1080p-2mp-tang-the-nho-adata-32gb-hang-chinh-hang-p67827497.html?spid=67827499,https://salt.tikicdn.com/cache/280x280/ts/product/a4/07/4b/00898496f1b3dc338ea1365e54b82e7c.jpg,94,Camera Wi-Fi TP-Link Tapo C200 1080P (2MP) + Th·∫ª nh·ªõ Adata 32gb - H√†ng Ch√≠nh H√£ng,532,609000
https://tiki.vn/camera-yoosee-ngoai-troi-5-0-mpx-ptz-20-led-xem-dem-co-mau-dam-thoai-2-chieu-phat-hien-chuyen-dong-hu-coi-chong-trom-hang-nhap-khau-p215997881.html?spid=215997883,https://salt.tikicdn.com/cache/280x280/ts/product/a2/69/62/f9d921f5e68e9a00a2d5e42d194a17f4.png,100,Camera yoosee ngo√†i tr·ªùi 5.0 Mpx PTZ 20 Led - Xem ƒê√™m C√≥ M√†u - ƒê√†m Tho·∫°i 2 Chi·ªÅu- Ph√°t Hi·ªán Chuy·ªÉn ƒê·ªông H√∫ C√≤i Ch·ªëng Tr·ªôm - H√†ng Nh·∫≠p Kh·∫©u,10,569050
https://tiki.vn/camera-quan-sat-wifi-v99-4k-xem-tu-xa-qua-dien-thoai-p21742830.html?spid=101861384,https://salt.tikicdn.com/cache/280x280/ts/product/99/c4/85/c5d249cfe2b971963e851643b26586ac.png,84,Camera quan s√°t wifi V99 4k xem t·ª´ xa qua ƒëi·ªán tho·∫°i,351,580000
https://tiki.vn/camera-ip-wifi-ngoai-troi-imou-f22p-bullet-2c-full-hd-1080p-tang-phic-cam-am-hang-chinh-hang-p72556060.html?spid=104001617,https://salt.tikicdn.com/cache/280x280/ts/product/86/e3/4c/5bcea07dce8e071ff0089b7ce1106aaf.jpg,96,Camera IP Wifi Ngo√†i Tr·ªùi Imou F22P Bullet 2C Full HD 1080P T·∫∑ng Ph√≠c C·∫Øm √Çm - H√†ng Ch√≠nh H√£ng,344,680000
https://tiki.vn/camera-wifi-ezviz-h8-3k-do-phan-giai-5mp-bao-phu-toan-canh-360-do-phat-hien-con-nguoi-dam-thoai-2-chieu-hang-chinh-hang-p229766303.html?spid=229766306,https://salt.tikicdn.com/cache/280x280/ts/product/58/fe/8c/7121f477b804f4e80afe494ff5bdf05e.jpg,100,"Camera WiFi EZVIZ H8 3K - ƒê·ªô Ph√¢n Gi·∫£i 5MP, Bao Ph·ªß To√†n C·∫£nh 360 ƒê·ªô, Ph√°t Hi·ªán Con Ng∆∞·ªùi, ƒê√†m Tho·∫°i 2 Chi·ªÅu - H√ÄNG CH√çNH H√ÉNG",17,1558200
https://tiki.vn/camera-ip-wifi-deli-full-hd-1080p-360-do-dam-thoai-2-chieu-hong-ngoai-dem-an-ninh-gia-dinh-van-phong-hang-chinh-hang-p183689560.html?spid=183689576,https://salt.tikicdn.com/cache/280x280/ts/product/55/b4/d2/30372b54da93b8f785bbd532081f2a64.jpg,86,"Camera IP Wifi Deli 360 ƒê·ªô Full HD 1080P ƒê√†m Tho·∫°i 2 Chi·ªÅu H·ªìng Ngo·∫°i ƒê√™m - An Ninh Gia ƒê√¨nh, VƒÉn Ph√≤ng - H√†ng Ch√≠nh H√£ng",269,923000
https://www.lazada.vn//products/ban-chay-camera-wifi-tp-link-tapo-c200-c210-smart-ir-full-hd-1080p-hang-chinh-hang-i406612346.html,https://vn-live-01.slatic.net/p/34342491af2d0b0902de0dcb47dbc52f.jpg,97,[B√°n Ch·∫°y] Camera Wifi TP-Link Tapo C200 / C210 Smart IR Full HD 1080P - H√†ng Ch√≠nh H√£ng,5736,488000
https://www.lazada.vn//products/fnkvision-camera-ip-wifi-yoosee-10-led-50mpx-full-hd-2k-new-2023-quay-dem-co-mau-xoay-360-do-theo-doi-doi-tuong-i2033926271.html,https://vn-live-01.slatic.net/p/dfbf70aa5dee8d25c4a609866721333f.jpg,94,„ÄêFNKvision„Äë CAMERA IP WIFI YOOSEE 10 LED 5.0Mpx Full HD 2K New 2023 - QUAY ƒê√äM C√ì M√ÄU - XOAY 360 ƒê·ªò - THEO D·ªñI ƒê·ªêI T∆Ø·ª¢NG,693,219000
https://www.lazada.vn//products/camera-ngoai-troi-ptz-36-led-yoosee-fhd-1080p-mau-moi-xoay-360-do-chong-nuoc-xem-ban-dem-co-mau-bh-6-thang-loi-1-doi-1-i2037463699.html,https://vn-live-01.slatic.net/p/b0e70277098f5e1c6b76863512b0de94.jpg,96,"Camera Ngo√†i Tr·ªùi PTZ 36 LED YooSee FHD 1080P M·∫´u M·ªõi,  Xoay 360 ƒë·ªô ch·ªëng n∆∞·ªõc xem ban ƒë√™m c√≥ m√†u - BH 6 th√°ng L·ªói 1 ƒë·ªïi 1",1050,295000
https://www.lazada.vn//products/hang-xin-freeship-camera-wifi-yoosee-fullhd-1920-x-1080p-3-rau-bat-wifi-cuc-khoe-camera-wifi-giam-sat-lap-trong-nha-ban-dem-co-hong-ngoai-xoay-360-do-phat-hien-chuyen-dong-di-chuyen-theo-nguoi-camera-dam-thoai-2-chieu-ghi-am-i1005458086.html,https://vn-live-01.slatic.net/p/f3b893c257f2e43e1c564aaf6e1d6263.jpg,96,"[H√ÄNG X·ªäN - FREESHIP] Camera wifi yoosee fullhd 1920 x 1080P 3 r√¢u b·∫Øt wifi c·ª±c kh·ªèe, camera wifi gi√°m s√°t l·∫Øp trong nh√† ban ƒë√™m c√≥ h·ªìng ngo·∫°i xoay 360 ƒë·ªô, ph√°t hi·ªán chuy·ªÉn ƒë·ªông di chuy·ªÉn theo ng∆∞·ªùi, camera ƒë√†m tho·∫°i 2 chi·ªÅu ghi √¢m",1356,227000
https://www.lazada.vn//products/fnkvisioncamera-ip-wifi-5g-yoosee-11-led-50mpx-full-hd-new-2023-quay-dem-co-mau-xoay-360-do-theo-doi-doi-tuong-i2031203756.html,https://vn-live-01.slatic.net/p/d7faa62cab6b9effda134fd3057c7e0c.jpg,96,„ÄêFNKvision„ÄëCAMERA IP WIFI 5G YOOSEE 11 LED 5.0Mpx Full HD  New 2023 - QUAY ƒê√äM C√ì M√ÄU - XOAY 360 ƒê·ªò - THEO D·ªñI ƒê·ªêI T∆Ø·ª¢NG,2927,216000
https://www.lazada.vn//products/fnkvision-camera-ngoai-troi-ptz-xoay-360-chong-nuoc-yoosee-full-hd-5mp-16-led-ban-dem-tro-sang-dam-thoai-2-chieu-i2031368297.html,https://vn-live-01.slatic.net/p/23deef91f9161c86e29c922aeae93eef.jpg,96,[FNKvision] Camera Ngo√†i Tr·ªùi PTZ  Xoay 360¬∞ Ch·ªëng N∆∞·ªõc YooSee Full HD 5MP 16 Led Ban ƒê√™m Tr·ª£ S√°ng ƒê√†m Tho·∫°i 2 Chi·ªÅu,1755,324000
https://www.lazada.vn//products/camera-5g-ngoai-troi-chong-nuoc-yoosee-toan-canh-360-do-fnkvision-khong-day-sieu-ro-net-bao-ve-gia-dinh-qua-dien-thoai-i2016021056.html,https://vn-live-01.slatic.net/p/23deef91f9161c86e29c922aeae93eef.jpg,96,"Camera 5G ngo√†i tr·ªùi ch·ªëng n∆∞·ªõc Yoosee to√†n c·∫£nh 360 ƒë·ªô Fnkvision, kh√¥ng d√¢y si√™u r√µ n√©t, b·∫£o v·ªá gia ƒë√¨nh qua ƒëi·ªán tho·∫°i",2198,324000
https://www.lazada.vn//products/camera-yoosee-ptz-bong-den-fhd-1080p-ro-net-co-den-led-chieu-sang-ban-dem-xoay-360d-dam-thoai-2-chieu-i2036686654.html,https://vn-live-01.slatic.net/p/c02cfad5a7a11080c72dbaa4ead5ed97.jpg,95,"Camera Yoosee PTZ b√≥ng ƒë√®n FHD 1080p R√µ n√©t, C√≥ ƒë√®n Led chi·∫øu s√°ng ban ƒë√™m, Xoay 360ƒë, ƒê√†m tho·∫°i 2 chi·ªÅu",877,213000
https://www.lazada.vn//products/tang-kem-de-camera-camera-wifi-imou-ranger-2c-2mp-ta22cp-d-i-dam-thoai-2-chieu-i-phat-hien-con-nguoi-i-xoay-toan-canh-360-i-bao-hanh-2-nam-i-ta22cp-i1853037163.html,https://vn-live-01.slatic.net/p/d65df07505927d6c8545402c95de00ce.jpg,96,[üö©T·∫∂NG K√àM ƒê·∫æ CAMERA] Camera Wifi Imou Ranger 2C (2MP) TA22CP-D I ƒê√†m tho·∫°i 2 chi·ªÅu I Ph√°t hi·ªán con ng∆∞·ªùi I Xoay to√†n c·∫£nh 360 I B·∫£o h√†nh 2 nƒÉm I TA22CP,1898,589000
https://www.lazada.vn//products/tang-kem-de-camera-camera-wifi-imou-ranger-2c-4mp-ta42p-d-i-dam-thoai-2-chieu-i-phat-hien-con-nguoi-i-xoay-toan-canh-360-i-bao-hanh-2-nam-i-ipc-ta42p-i1853227829.html,https://vn-live-01.slatic.net/p/b246a6712aed70bee17420f5bbde71a5.jpg,96,[üö©T·∫∂NG K√àM ƒê·∫æ CAMERA ]Camera Wifi Imou Ranger 2C (4MP) TA42P-D I ƒê√†m tho·∫°i 2 chi·ªÅu I Ph√°t hi·ªán con ng∆∞·ªùi I Xoay to√†n c·∫£nh 360 I B·∫£o h√†nh 2 nƒÉm I IPC-TA42P,517,659000
https://www.lazada.vn//products/bh-1-nam-tuy-chon-the-128gb6432-camera-bong-den-yoosee-2mpx-sieu-hot-nam-2023-co-mau-ban-dem-ban-day-du-chuc-nang-dam-thoai-ghi-am-xoay-360-do-i2127479912.html,https://vn-live-01.slatic.net/p/01b334aea15beebc25eb6ccb37179580.png,94,"(BH 1 NƒÇM - T√ôY CH·ªåN TH·∫∫ 128GB/64/32 )Camera b√≥ng ƒë√®n Yoosee 2MPX si√™u hot nƒÉm 2023 C√≥ m√†u ban ƒë√™m - B·∫£n ƒë·∫ßy ƒë·ªß ch·ª©c nƒÉng ƒë√†m tho·∫°i , ghi √¢m , xoay 360 ƒë·ªô",362,205465
https://www.lazada.vn//products/bao-hanh-12-thangcamera-giam-sat-khong-day-v380-camera-wifi-ip-v380-pro-xoay-360-do-trong-nha-ngoai-troi-chong-trom-co-hong-ngoai-dam-thoai-2-chieu-quan-sat-ngay-dem-i1966931215.html,https://vn-live-01.slatic.net/p/73dccde68d9f3ad055e01a24ba815561.png,97,"[B·∫¢O H√ÄNH 12 TH√ÅNG]Camera gi√°m s√°t kh√¥ng d√¢y V380, Camera Wifi IP V380 Pro xoay 360 ƒë·ªô trong nh√†, ngo√†i tr·ªùi - Ch·ªëng tr·ªôm, c√≥ h·ªìng ngo·∫°i, ƒë√†m tho·∫°i 2 chi·ªÅu, quan s√°t ng√†y ƒë√™m",479,319000
https://www.lazada.vn//products/camera-yoosee-hk212-xoay-360-do-hinh-dang-bong-den-dam-thoai-2-chieu-ban-dem-co-mau-bao-dong-chong-trom-wifi-khong-day-trong-nha-i2002189053.html,https://vn-live-01.slatic.net/p/189df5d538efe940b9aae34fa60bf8d2.jpg,99,Camera YOOSEE HK212 Xoay 360 ƒê·ªô H√¨nh D·∫°ng B√≥ng ƒê√®n- ƒê√†m Tho·∫°i 2 Chi·ªÅu-  Ban ƒê√™m C√≥ M√†u- B√°o ƒê·ªông Ch·ªëng Tr·ªôm- Wifi Kh√¥ng D√¢y Trong Nh√†,862,226000
https://www.lazada.vn//products/camera-yoosee-3-rau-gg-new-2022-hinh-anh-sac-net-xoay-360-do-quay-hong-ngoai-ban-dem-i1413603330.html,https://sg-live-01.slatic.net/p/a3f90b0a94de8b955649a0abf0e99ff1.jpg,95,Camera Yoosee 3 r√¢u GG New 2022 - H√¨nh ·∫£nh s·∫Øc n√©t - Xoay 360 ƒë·ªô - Quay h·ªìng ngo·∫°i ban ƒë√™m,2692,223000
https://www.lazada.vn//products/hang-xin-freeship-camera-ip-yoosee-ngoai-troi-ptz-mini-36led-50mpx-1080p-chong-nuoc-xem-dem-co-mau-bh-6-thang-loi-1-doi-1-i823694013.html,https://vn-live-01.slatic.net/p/0ccc9b69331c79621aa6696a0696456c.jpg,94,[H√ÄNG X·ªäN - FREESHIP] Camera IP Yoosee Ngo√†i Tr·ªùi PTZ mini 36LED 5.0Mpx 1080P - ch·ªëng n∆∞·ªõc xem ƒë√™m c√≥ m√†u - BH 6 th√°ng L·ªói 1 ƒë·ªïi 1,2168,314000
https://www.lazada.vn//products/camera-mini-khong-day-camera-imou-ranger-2-camera-wifi-ngoai-troi-camera-hinh-cau-xoay-360-do-1920x1080p-sieu-net-cam-bien-chuyen-dong-su-dung-ai-moi-dam-thoai-2-chieu-nhin-dem-hd-bao-hanh-1-doi-1-toan-quoc-i2116711001.html,https://vn-test-11.slatic.net/p/3ee58e30c74b7ac9f896cee8a2c13c7a.jpg,98,"Camera mini kh√¥ng d√¢y, Camera imou ranger 2, Camera wifi ngo√†i tr·ªùi, Camera H√¨nh C·∫ßu Xoay 360 ƒë·ªô 1920x1080P Si√™u N√©t, C·∫£m Bi·∫øn Chuy·ªÉn ƒê·ªông, S·ª≠ D·ª•ng Ai M·ªõi, ƒê√†m Tho·∫°i 2 Chi·ªÅu, Nh√¨n ƒê√™m HD - B·∫£o h√†nh 1 ƒë·ªïi 1 to√†n qu·ªëc",309,770000
https://www.lazada.vn//products/camera-yoosee-bong-den-fhd-1080p-kieu-dang-doc-dao-xoay-360-do-ho-tro-hong-ngoai-va-flash-mau-quay-dem-i2071923648.html,https://vn-live-01.slatic.net/p/cda68c5c3641a133c45cfb97fb0753a6.png,97,"Camera Yoosee B√≥ng ƒê√®n FHD 1080p , ki·ªÉu d√°ng ƒë·ªôc ƒë√°o, xoay 360 ƒë·ªô, h·ªó tr·ª£ h·ªìng ngo·∫°i v√† flash m√†u quay ƒë√™m",1654,207000
https://www.lazada.vn//products/hcmcamera-ip-wifi-yoosee-3-rau-hd-new-xoay-360-do-hinh-anh-sac-net-i1271936262.html,https://sg-live-01.slatic.net/p/7d33de1107d9f5d408af72aa99390f82.jpg,94,[HCM]CAMERA IP WIFI YOOSEE 3 R√ÇU HD New XOAY 360 ƒê·ªò - H√¨nh ·∫£nh s·∫Øc n√©t,1282,219000
https://www.lazada.vn//products/gia-sap-san-camera-ip-wifi-yoosee-3-rau-11-led-new-2022-quay-dem-co-mau-xoay-360-do-bao-dong-chong-trom-i1267873452.html,https://vn-live-01.slatic.net/p/9ce8544a5584143e3380a855627691c1.jpg,94,[ GI√Å S·∫¨P S√ÄN ] CAMERA IP WIFI YOOSEE 3 R√ÇU 11 led New 2022-QUAY ƒê√äM C√ì M√ÄU - Xoay 360 ƒë·ªô - B√°o ƒë·ªông ch·ªëng tr·ªôm,1264,233000
https://www.lazada.vn//products/cung-ve-nha-don-tet-nha-chan-de-camera-wifi-c6n-a22ep-tapo-c200-da-nang-gan-tuong-tran-nha-bang-nhua-chat-luong-cao-cap-ren-dong-chac-chan-dung-cho-ezviz-c6n-tapo-c200-imou-a22ep-kbone-i865694344.html,https://sg-live-01.slatic.net/p/f3657f9987b922a38542ad112a0ffb24.jpg,97,"üî¥[C√ôNG V·ªÄ NH√Ä - ƒê√ìN T·∫æT NHA] Ch√¢n ƒê·∫ø Camera Wifi C6N, A22EP, Tapo C200 - ƒëa nƒÉng g·∫Øn t∆∞·ªùng, tr·∫ßn nh√†... b·∫±ng nh·ª±a ch·∫•t l∆∞·ª£ng cao c·∫•p, ren ƒë·ªìng ch·∫Øc ch·∫Øn - D√πng cho Ezviz C6N, Tapo C200, Imou A22EP, KBOne....",1255,7821
https://www.lazada.vn//products/camera-yoosee-ip-wifi-bong-den-8-led-quay-dem-co-mau-xoay-360-do-20mps-1080p-i1726418443.html,https://vn-live-01.slatic.net/p/00dbe64b1fcf7590f107fe66427fde20.jpg,95,Camera Yoosee IP Wifi B√≥ng ƒë√®n 8 Led - Quay ƒê√™m C√≥ M√†u - Xoay 360 ƒê·ªô 2.0Mps - 1080P,1151,218800
https://www.lazada.vn//products/camera-ezviz-cb8-3m-2k-xoay-360-do-chay-bang-pin-nlmt-dam-thoai-2-chieu-ban-dem-co-mau-chong-nuoc-wifi-ngoai-troi-chinh-hang-tang-tam-pin-nlmt-i1944808121.html,https://vn-live-01.slatic.net/p/486ed7d35adeb10db195f5b9f834f599.jpg,100,Camera EZVIZ CB8 3M 2K Xoay 360 ƒê·ªô- Ch·∫°y B·∫±ng Pin NLMT- ƒê√†m Tho·∫°i 2 Chi·ªÅu- Ban ƒê√™m C√≥ M√†u- Ch·ªëng N∆∞·ªõc- Wifi Ngo√†i Tr·ªùi Ch√≠nh H√£ng (T·∫∂NG T·∫§M PIN NLMT),181,2399000
https://www.lazada.vn//products/hang-xin-freeship-camera-ip-yoosee-mau-moi-30mpx-full-hd-1080p-xem-dem-co-hong-ngoai-xoay-360-do-i951484429.html,https://vn-live-01.slatic.net/p/8e3a7215b561a25e7f4e7f725fb76965.jpg,94,[H√ÄNG X·ªäN - FREESHIP] Camera Ip Yoosee M·∫´u M·ªõi 3.0mpx - Full HD 1080P - Xem ƒê√™m C√≥ H·ªìng Ngo·∫°i - Xoay 360 ƒë·ªô,1121,230000
https://www.lazada.vn//products/camera-ngoai-troi-camera-mini-khong-day-camera-hinh-cau-xoay-360-do-1920x1080p-sieu-net-cam-bien-chuyen-dong-su-dung-ai-moi-dam-thoai-2-chieu-nhin-dem-hd-bao-hanh-1-doi-1-toan-quoc-i2116653068.html,https://vn-test-11.slatic.net/p/65a2911ada163380779d9a78096a29f6.jpg,98,"Camera  ngo√†i tr·ªùi, Camera mini kh√¥ng d√¢y, , Camera H√¨nh C·∫ßu Xoay 360 ƒë·ªô 1920x1080P Si√™u N√©t, C·∫£m Bi·∫øn Chuy·ªÉn ƒê·ªông, S·ª≠ D·ª•ng Ai M·ªõi, ƒê√†m Tho·∫°i 2 Chi·ªÅu, Nh√¨n ƒê√™m HD - B·∫£o h√†nh 1 ƒë·ªïi 1 to√†n qu·ªëc",345,610000
https://www.lazada.vn//products/camera-wifi-yoosee-hd-1080p-kieu-dang-doc-dao-xoay-360-do-ho-tro-hong-ngoai-va-flash-mau-quay-dem-i829528726.html,https://vn-live-01.slatic.net/p/05abfd3f4f475a9a592178b4e2b3a054.jpg,95,"Camera wifi YOOSEE HD 1080p , ki·ªÉu d√°ng ƒë·ªôc ƒë√°o, xoay 360 ƒë·ªô, h·ªó tr·ª£ h·ªìng ngo·∫°i v√† flash m√†u quay ƒë√™m",1112,201150
https://www.lazada.vn//products/camera-wifi-yoosee-fullhd-1920-x-1080p-3-rau-bat-wifi-cuc-khoe-camera-wifi-giam-sat-lap-trong-nha-ban-dem-co-hong-ngoai-xoay-360-do-phat-hien-chuyen-dong-di-chuyen-theo-nguoi-camera-dam-thoai-2-chieu-ghi-am-ghi-hinh-i2007732851.html,https://vn-live-01.slatic.net/p/a8c1346d1c8ff22571b2599106cf9308.png,95,"Camera wifi yoosee fullhd 1920 x 1080P 3 r√¢u b·∫Øt wifi c·ª±c kh·ªèe, camera wifi gi√°m s√°t l·∫Øp trong nh√† ban ƒë√™m c√≥ h·ªìng ngo·∫°i xoay 360 ƒë·ªô, ph√°t hi·ªán chuy·ªÉn ƒë·ªông di chuy·ªÉn theo ng∆∞·ªùi, camera ƒë√†m tho·∫°i 2 chi·ªÅu ghi √¢m ghi h√¨nh",1541,229400
https://www.lazada.vn//products/camera-wifi-yoosee-bong-den-dem-co-mau-50mpx-full-hd-sieu-net-xoay-360-do-dam-thoai-2-chieu-canh-bao-chuyen-dong-bh-14-thang-i2047316329.html,https://vn-live-01.slatic.net/p/1bede8152a7c7e15f00ef97dcc333b09.png,92,Camera wifi Yoosee b√≥ng ƒë√®n ƒë√™m c√≥ m√†u 5.0mpx FULL HD si√™u n√©t xoay 360 ƒë·ªô ƒë√†m tho·∫°i 2 chi·ªÅu c·∫£nh b√°o chuy·ªÉn ƒë·ªông BH 14  th√°ng,1127,211400
https://www.lazada.vn//products/camera-ngoai-troi-xoay-360-do-camera-khong-day-camera-yoosee-camera-ip-wifi-yoosee-4-rau-xoay-360-do-do-phan-giai-full-hd-5mp-1920x1080p-khong-day-i1990992449.html,https://vn-live-01.slatic.net/p/2cf6b26507df842f04f625db18c48e21.jpg,97,"Camera Ngo√†i Tr·ªùi Xoay 360 ƒê·ªô Camera Kh√¥ng D√¢y , Camera Yoosee , Camera IP Wifi Yoosee 4 R√¢u xoay 360 ƒë·ªô, ƒë·ªô ph√¢n gi·∫£i FULL HD 5MP 1920x1080p Kh√¥ng D√¢y",374,408000
https://www.lazada.vn//products/camera-ngoai-troi-ptz-36-led-yoosee-fhd-1080p-mau-moi-xoay-360-do-chong-nuoc-xem-ban-dem-co-mau-bh-6-thang-loi-1-doi-1-i2103045006.html,https://vn-live-01.slatic.net/p/ce51ba50f13add3979c3915dd50a54ec.jpg,96,"Camera Ngo√†i Tr·ªùi PTZ 36 LED YooSee FHD 1080P M·∫´u M·ªõi, Xoay 360 ƒë·ªô ch·ªëng n∆∞·ªõc xem ban ƒë√™m c√≥ m√†u - BH 6 th√°ng L·ªñI 1 ƒê·ªîI 1",428,295000
https://www.lazada.vn//products/100-chinh-hang-camera-wifi-ezviz-c6n-2mp-1080p-xoay-360-thong-minh-dam-thoai-2-chieu-quay-theo-chuyen-dong-camera-cs-c6n-giam-sat-wifi-khong-day-camera-toan-cau-i337146881.html,https://vn-live-01.slatic.net/p/7885dce1932c834278e155dde7d352a6.jpg,97,[100% CH√çNH H√ÉNG] Camera WIFI EZVIZ C6N 2MP (1080P) - Xoay 360 Th√¥ng Minh + ƒê√†m Tho·∫°i 2 Chi·ªÅu + Quay Theo Chuy·ªÉn ƒê·ªông - Camera CS-C6N Gi√°m S√°t WIFI Kh√¥ng D√¢y - Camera To√†n C·∫ßu,3147,509000
https://www.lazada.vn//products/camera-ip-wifi-yoosee-3-rau-new-2022-xoay-360-do-dam-thoai-2-chieu-bao-dong-chong-trom-camera-gia-dinh-nho-gon-camera-an-ninh-giam-sat-wifi-camera-wifi-yoosee-i1856444426.html,https://vn-live-01.slatic.net/p/4ba7fbc4d89eff0aab1279233867d37e.png,93,CAMERA IP WIFI YOOSEE 3 R√ÇU New 2022 - XOAY 360 ƒê·ªò - ƒê√ÄM THO·∫†I 2 CHI·ªÄU - B√ÅO ƒê·ªòNG CH·ªêNG TR·ªòM-CAMERA GIA ƒê√åNH NH·ªé G·ªåN-CAMERA AN NINH GI√ÅM S√ÅT WIFI-CAMERA WIFI YOOSEE,2960,255000
https://www.lazada.vn//products/camera-wifi-ip-v380-pro-trong-nha-ngoai-troi-do-phan-giai-50mpx-moi-nhat-2021-chuc-nang-nhan-dien-khuon-mat-xoay-theo-chuyen-dong-do-phan-giai-2592-x-1920-xoay-360-bao-hanh-12-thang-i1912862886.html,https://vn-live-01.slatic.net/p/041d70d043b4aaaa76c7a459bc658574.jpg,95,CAMERA WIFI IP V380 Pro TRONG NH√Ä-NGO√ÄI TR·ªúI ƒê·ªò PH√ÇN GI·∫¢I 5.0Mpx M·ªöI NH·∫§T 2021 - Ch·ª©c nƒÉng nh·∫≠n di√™n khu√¥n m·∫∑t xoay theo chuy·ªÉn ƒë·ªông- ƒê·ªò PH√ÇN GI·∫¢I 2592 X 1920- XOAY 360. B·∫¢O H√ÄNH 12 TH√ÅNG,202,120000
https://www.lazada.vn//products/camera-ip-wifi-5g-yoosee-11-led-fnkvision-50mpx-full-hd-new-2022-quay-dem-co-mau-xoay-360-do-theo-doi-doi-tuong-i2013571990.html,https://vn-live-01.slatic.net/p/d7faa62cab6b9effda134fd3057c7e0c.jpg,97,CAMERA IP WIFI 5G YOOSEE 11 LED FNKvision 5.0Mpx Full HD  New 2022 - QUAY ƒê√äM C√ì M√ÄU - XOAY 360 ƒê·ªò - THEO D·ªñI ƒê·ªêI T∆Ø·ª¢NG,1032,210000
https://www.lazada.vn//products/hcmcamera-ip-wifi-khong-day-xoay-360-ezviz-c6n-2mp-1080p-new-dam-thoai-2-chieu-theo-doi-chuyen-dong-tich-hop-ai-i1089144117.html,https://vn-live-01.slatic.net/p/26812abc8f39c242fa20625b6d43ae0d.png,98,"[HCM]Camera IP WiFi Kh√¥ng D√¢y Xoay 360¬∞ EZVIZ C6N 2MP 1080P  (NEW) - ƒê√†m tho·∫°i 2 chi·ªÅu, theo d√µi chuy·ªÉn ƒë·ªông, t√≠ch h·ª£p AI",2124,492000
https://www.lazada.vn//products/camera-ip-wifi-ezviz-c6n-20mp-xoay-360d-chinh-hang-fullbox-100-i1221150986.html,https://vn-live-01.slatic.net/p/fc1f842acc7b7c5c602f443b22afc227.jpg,98,"Camera IP Wifi EZVIZ C6N 2.0MP, Xoay 360ƒë, Ch√≠nh h√£ng Fullbox 100%",931,195000
https://www.lazada.vn//products/camera-wifi-imou-c22ep-hoac-c22sp-dam-thoai-2-chieu-bao-dong-chong-trom-chinh-hang-fullbox-100-i1237135825.html,https://vn-live-01.slatic.net/p/a34d42c8f10cb38cc1dbdc16fc38ab71.jpg,98,"Camera Wifi Imou C22EP Ho·∫∑c C22SP, ƒë√†m tho·∫°i 2 chi·ªÅu, b√°o ƒë·ªông ch·ªëng tr·ªôm, Ch√≠nh h√£ng Fullbox 100%",999,431204
https://www.lazada.vn//products/bh-1-nam-tuy-chon-the-3264128-camera-ngoai-troi-ptz-36-led-yoosee-fhd-1080p-mau-moi-xoay-360-do-chong-nuoc-xem-ban-dem-co-mau-i2127611147.html,https://vn-live-01.slatic.net/p/deddda05de566fe4057db9dfa10f3c7e.png,93,"(BH 1 NƒÇM - T√ôY CH·ªåN TH·∫∫ 32/64/128 ) Camera Ngo√†i Tr·ªùi PTZ 36 LED YooSee FHD 1080P M·∫´u M·ªõi, Xoay 360 ƒë·ªô ch·ªëng n∆∞·ªõc xem ban ƒë√™m c√≥ m√†u",133,280820
https://www.lazada.vn//products/camera-yoosee-3-rau-trong-nha-50mpx-xoay-360-do-ho-tro-xem-dem-co-mau-dam-thoai-2-chieu-bao-hanh-trong-vong-12-thang-1-doi-1-trong-vong-7-ngay-neu-san-pham-co-loi-i1968773121.html,https://vn-live-01.slatic.net/p/23196e869bdf05d0c362cfc7bb145ba6.png,93,"Camera Yoosee 3 r√¢u trong nh√† 5.0mpx xoay 360 ƒë·ªô, h·ªó tr·ª£ xem ƒë√™m c√≥ m√†u, ƒë√†m tho·∫°i 2 chi·ªÅu, b·∫£o h√†nh trong v√≤ng 12 th√°ng, 1 ƒë·ªïi 1 trong v√≤ng 7 ng√†y n·∫øu s·∫£n ph·∫©m c√≥ l·ªói",264,235000
https://www.lazada.vn//products/camera-ip-wifi-5g-yoosee-11-led-fnkvision-50mp-quan-sat-360-do-the-he-moi-5-ang-ten-full-hd-xem-dem-co-mau-phien-ban-tieng-viet-i2080848368.html,https://vn-live-01.slatic.net/p/0efaf6170008d83478f86d6344c7a265.png,98,"Camera IP Wifi 5G Yoosee 11 LED FNKVISION 5.0MP quan s√°t 360 ƒë·ªô, th·∫ø h·ªá m·ªõi 5 ƒÉng ten, Full HD, xem ƒë√™m c√≥ m√†u, phi√™n b·∫£n ti·∫øng vi·ªát",163,258000
https://www.lazada.vn//products/camera-ezviz-h8-5m-pro-3k-qhd-xoay-360-do-dam-thoai-2-chieu-bao-dong-chong-trom-ban-dem-co-mau-wifi-ngoai-troi-chinh-hang-i2135724746.html,https://vn-live-01.slatic.net/p/ab9c38019908d3fe384a81dfbce20c90.jpg,100,Camera EZVIZ H8 5M Pro 3K QHD Xoay 360 ƒê·ªô- ƒê√†m Tho·∫°i 2 Chi·ªÅu- B√°o ƒê·ªông Ch·ªëng Tr·ªôm- Ban ƒê√™m C√≥ M√†u- Wifi Ngo√†i Tr·ªùi Ch√≠nh H√£ng,98,1449000
https://shopee.vn/CAMERA-IP-WIFI-YOOSEE-11-LED-FNKvision-5.0Mpx-Full-HD-New-2022-QUAY-ƒê√äM-C√ì-M√ÄU-XOAY-360-ƒê·ªò-THEO-D√ïI-CHUY·ªÇN-ƒê·ªòNG-i.816505872.20952877374,https://cf.shopee.vn/file/sg-11134201-22100-pbj421b14wivfb,96,CAMERA IP WIFI YOOSEE 11 LED FNKvision 5.0Mpx Full HD  New 2022 - QUAY ƒê√äM C√ì M√ÄU - XOAY 360 ƒê·ªò - THEO D√ïI CHUY·ªÇN ƒê·ªòNG,4183,225000
https://shopee.vn/CAMERA-IP-YOOSEE-360-QUAN-S√ÅT-R√ï-NG√ÄY-V√Ä-ƒê√äM-K√àM-TH·∫∫-NH·ªö-B·∫¢O-H√ÄNH-1-NƒÇM-i.55564549.1257717612,https://cf.shopee.vn/file/sg-11134201-23020-t0awm05k10mva0,95,"CAMERA IP YOOSEE 360, QUAN S√ÅT R√ï NG√ÄY V√Ä ƒê√äM, K√àM TH·∫∫ NH·ªö, B·∫¢O H√ÄNH 1 NƒÇM",47265,216000
https://shopee.vn/-FNKvision-Camera-Ngo√†i-Tr·ªùi-PTZ-MINI-Xoay-360¬∞-Ch·ªëng-N∆∞·ªõc-YooSee-Full-HD-5MP-16-Led-Ban-ƒê√™m-Tr·ª£-S√°ng-ƒê√†m-Tho·∫°i-2-Chi·ªÅu-i.816505872.21947927141,https://cf.shopee.vn/file/sg-11134201-22090-4fl12ilccqhv0e,95,[FNKvision] Camera Ngo√†i Tr·ªùi PTZ MINI Xoay 360¬∞ Ch·ªëng N∆∞·ªõc YooSee Full HD 5MP 16 Led Ban ƒê√™m Tr·ª£ S√°ng ƒê√†m Tho·∫°i 2 Chi·ªÅu,2320,275000
https://shopee.vn/Camera-IP-Wifi-5G-Yoosee-FNKvision-5.0MP-360-ƒë·ªô-th·∫ø-h·ªá-m·ªõi-5-ƒÉng-ten-Full-HD-xem-ƒë√™m-c√≥-m√†u-phi√™n-b·∫£n-ti·∫øng-vi·ªát-i.816490879.20837801279,https://cf.shopee.vn/file/sg-11134201-22120-1cotmd3azukv3c,96,"Camera IP Wifi 5G Yoosee FNKvision 5.0MP 360 ƒë·ªô, th·∫ø h·ªá m·ªõi 5 ƒÉng ten, Full HD, xem ƒë√™m c√≥ m√†u, phi√™n b·∫£n ti·∫øng vi·ªát",2171,210000
https://shopee.vn/Camera-outdoor-wifi-PTZ-mini-5G-Yoosee-phi√™n-b·∫£n-ti·∫øng-vi·ªát-FNKVISION-5.0MP-quan-s√°t-360-ƒë·ªô-Full-HD-xem-ƒë√™m-c√≥-m√†u-i.816490879.19462556867,https://cf.shopee.vn/file/sg-11134201-22110-0akn5fas1gkva2,95,"Camera outdoor wifi PTZ mini 5G Yoosee, phi√™n b·∫£n ti·∫øng vi·ªát - FNKVISION 5.0MP, quan s√°t 360 ƒë·ªô, Full HD, xem ƒë√™m c√≥ m√†u",166,340000
https://shopee.vn/Camera-h√†nh-tr√¨nh-√¥-t√¥-M5-d·∫°ng-g∆∞∆°ng-chi·∫øu-h·∫≠u-m√†n-c·∫£m-·ª©ng-5inch-FullHD-1ƒë·ªïi1-trong-12T-i.822616743.16079850544,https://cf.shopee.vn/file/bb079fd5071e6bc2425137d907678abe,99,Camera h√†nh tr√¨nh √¥ t√¥ M5 d·∫°ng g∆∞∆°ng chi·∫øu h·∫≠u m√†n c·∫£m ·ª©ng 5inch FullHD 1ƒë·ªïi1 trong 12T,1285,469000
https://shopee.vn/Camera-h√†nh-tr√¨nh-√¥-t√¥-K4-m√†n-c·∫£m-·ª©ng-4inch-Full-HD-quay-ƒë√™m-r√µ-n√©t-ch·ªëng-rung-t·ª±-ƒë·ªông-B·∫£o-H√†nh-12-Th√°ng-i.822616743.20725867971,https://cf.shopee.vn/file/079f8a88e2a1fea2e385d7a3ed5f53dc,100,"Camera h√†nh tr√¨nh √¥ t√¥ K4 m√†n c·∫£m ·ª©ng 4inch Full HD, quay ƒë√™m r√µ n√©t, ch·ªëng rung t·ª± ƒë·ªông B·∫£o H√†nh 12 Th√°ng",374,689000
https://shopee.vn/Camera-h√†nh-tr√¨nh-ONTEKCO-A50-m√†n-h√¨nh-4-inch-Full-HD-si√™u-n√©t-Ch·ªëng-Rung-t·ª±-ƒë·ªông-B·∫£o-H√†nh-12-Th√°ng-i.858613655.21644485321,https://cf.shopee.vn/file/e03d92ebacc6f0947cc1986ac5c7dbb7,98,"Camera h√†nh tr√¨nh ONTEKCO A50,m√†n h√¨nh 4 inch Full HD si√™u n√©t, Ch·ªëng Rung t·ª± ƒë·ªông-B·∫£o H√†nh 12 Th√°ng",53,399000
https://shopee.vn/Camera-h√†nh-tr√¨nh-√¥-t√¥-X10-XETABON-Full-HD-1080p-quay-ƒë√™m-r√µ-n√©t-c√≥-c·∫£nh-b√°o-va-ch·∫°m-ph√≠a-tr∆∞·ªõc-b·∫£o-h√†nh-12-th√°ng-i.865589135.19447321174,https://cf.shopee.vn/file/sg-11134201-22100-tqlqm6igr9iva2,96,"Camera h√†nh tr√¨nh √¥ t√¥ X10 XETABON Full HD 1080p quay ƒë√™m r√µ n√©t, c√≥ c·∫£nh b√°o va ch·∫°m ph√≠a tr∆∞·ªõc b·∫£o h√†nh 12 th√°ng",77,1373500
https://shopee.vn/Camera-h√†nh-tr√¨nh-Xiaomi-70mai-A500s-qu·ªëc-t·∫ø-ph√¢n-gi·∫£i-2-7K-c·∫£m-bi·∫øn-Sony-c·∫£nh-b√°o-va-ch·∫°m-l·ªách-l√†n-GPS-quay-ƒë√™m-i.633248085.14941641953,https://cf.shopee.vn/file/f2f05b45c2182b907be683be28be9c56,99,"Camera h√†nh tr√¨nh Xiaomi 70mai A500s qu·ªëc t·∫ø, ph√¢n gi·∫£i 2,7K, c·∫£m bi·∫øn Sony, c·∫£nh b√°o va ch·∫°m, l·ªách l√†n, GPS, quay ƒë√™m",946,1715000
https://shopee.vn/Camera-h√†nh-tr√¨nh-√¥-t√¥-70mai-Dash-cam-Pro-Plus-A500S-ƒë·ªô-ph√¢n-gi·∫£i-1944P-i.646662818.14338391320,https://cf.shopee.vn/file/ac490e4f139b3f3bcac0e193624aa9e1,98,Camera h√†nh tr√¨nh √¥ t√¥ 70mai Dash cam Pro Plus + A500S ƒë·ªô ph√¢n gi·∫£i 1944P,3219,1749000
https://shopee.vn/Camera-h√†nh-tr√¨nh-√¥-t√¥-X10-XETABON-Full-HD-1080p-ghi-h√¨nh-tr∆∞·ªõc-sau-c√≥-k·∫øt-n·ªëi-ƒëi·ªán-tho·∫°i-1-ƒë·ªïi-1-trong-12-th√°ng-i.376934776.17062674552,https://cf.shopee.vn/file/sg-11134201-23020-1kbysg3380mvf1,97,"Camera h√†nh tr√¨nh √¥ t√¥ X10 XETABON, Full HD 1080p ghi h√¨nh tr∆∞·ªõc sau c√≥ k·∫øt n·ªëi ƒëi·ªán tho·∫°i 1 ƒë·ªïi 1 trong 12 th√°ng",496,1470000
https://shopee.vn/Camera-h√†nh-tr√¨nh-√¥-t√¥-W4-camera-wifi-k·∫øt-n·ªëi-ƒëi·ªán-tho·∫°i-quay-tr∆∞·ªõc-sau-g√≥c-r·ªông-si√™u-n√©t-B·∫£o-H√†nh-12-Th√°ng-i.822616743.20725883761,https://cf.shopee.vn/file/ba9a9f87843255414a9eba8b27f30013,100,"Camera h√†nh tr√¨nh √¥ t√¥ W4, camera wifi k·∫øt n·ªëi ƒëi·ªán tho·∫°i, quay tr∆∞·ªõc sau g√≥c r·ªông si√™u n√©t B·∫£o H√†nh 12 Th√°ng",538,1179000
https://shopee.vn/VIETMAP-SPEEDMAP-M1-Camera-H√†nh-Tr√¨nh-Th·∫ø-H·ªá-M·ªõi-2023-i.946624117.21672449925,https://cf.shopee.vn/file/sg-11134201-23020-cswi2ss8banv3c,100,"VIETMAP SPEEDMAP M1, Camera H√†nh Tr√¨nh Th·∫ø H·ªá M·ªõi 2023",50,1290000
https://shopee.vn/Camera-h√†nh-tr√¨nh-√¥-t√¥-K10-Xetabon-cam-h√†nh-tr√¨nh-2K-c√≥-wifi-k·∫øt-n·ªëi-ƒëi·ªán-tho·∫°i-GPS.1-ƒë·ªïi-1-trong-12-th√°ng-i.822616743.17779841092,https://cf.shopee.vn/file/0d10453ccc350801b731aabae00ae7b7,100,"Camera h√†nh tr√¨nh √¥ t√¥ K10 Xetabon ,cam h√†nh tr√¨nh 2K c√≥ wifi k·∫øt n·ªëi ƒëi·ªán tho·∫°i ,GPS.1 ƒë·ªïi 1 trong 12 th√°ng",178,530000
https://shopee.vn/Camera-H√†nh-Tr√¨nh-M√†n-H√¨nh-Android-V8-WIFI-Xem-Video-Tr√™n-ƒêi·ªán-Tho·∫°i-V√†-M√†n-H√¨nh-ANDROID-i.251967117.20263512587,https://cf.shopee.vn/file/sg-11134201-22110-1u93iufvv3jv1a,98,Camera H√†nh Tr√¨nh M√†n H√¨nh Android V8 WIFI - Xem Video Tr√™n ƒêi·ªán Tho·∫°i V√† M√†n H√¨nh ANDROID,127,120000
https://shopee.vn/Camera-H√†nh-Tr√¨nh-√¥-t√¥-g∆∞∆°ng-chi·∫øu-h·∫≠u-M5-XETABON-m√†n-c·∫£m-·ª©ng-5-inch-Full-Hd-1080P-l·∫Øp-ƒë·∫∑t-d·ªÖ-d√†ng-1ƒë·ªïi1-trong-1-nƒÉm-i.376934776.18906197548,https://cf.shopee.vn/file/sg-11134201-23020-4yt4cdj850mv62,99,Camera H√†nh Tr√¨nh √¥ t√¥ g∆∞∆°ng chi·∫øu h·∫≠u M5 XETABON-m√†n c·∫£m ·ª©ng 5 inch Full Hd 1080P - l·∫Øp ƒë·∫∑t d·ªÖ d√†ng 1ƒë·ªïi1 trong 1 nƒÉm,392,475000
https://shopee.vn/Camera-H√†nh-Tr√¨nh-√î-t√¥-Camera-h√†nh-tr√¨nh-70Mai-A500s-Camera-√¥-t√¥-A500s-Pro-Plus-1944P-Si√™u-n√©t-T√≠ch-h·ª£p-s·∫µn-GPS-i.21078602.4063889294,https://cf.shopee.vn/file/1f4299578f99b939bf7116adafc6d12c,98,"Camera H√†nh Tr√¨nh √î t√¥ Camera h√†nh tr√¨nh 70Mai A500s Camera √¥ t√¥ A500s Pro Plus 1944P Si√™u n√©t, T√≠ch h·ª£p s·∫µn GPS",1681,1450000
https://shopee.vn/Camera-h√†nh-tr√¨nh-70Mai-M500-qu·ªëc-t·∫ø-chip-Sony-5mpx-2-7K-si√™u-n√©t-ADAS-GPS-l·ªói-1-ƒë·ªïi-1-i.780073103.18417936165,https://cf.shopee.vn/file/d0c3e84016d7ca4d61491ba7c67e40e7,100,"Camera h√†nh tr√¨nh 70Mai M500 qu·ªëc t·∫ø, chip Sony 5mpx/ 2,7K si√™u n√©t, ADAS, GPS, l·ªói 1 ƒë·ªïi 1",71,2088000
https://shopee.vn/Gi√°-ƒë·ª°-camera-h√†nh-tr√¨nh-√¥-t√¥-v√†-camera-lo·∫°i-ch√¢n-h√≠t-i.439771007.6488596532,https://cf.shopee.vn/file/6b16ce5feac714cdcc3b0a8d393425fe,94,Gi√° ƒë·ª° camera h√†nh tr√¨nh √¥ t√¥ v√† camera lo·∫°i ch√¢n h√≠t,238,15000
https://shopee.vn/Camera-h√†nh-tr√¨nh-ONTEKCO-S14-Ti·∫øng-Vi·ªát-chu·∫©n-h√¨nh-s·∫£nh-s·∫Øc-n√©t-1080P-cam-k·∫øt-ho√†n-ti·ªÅn-i.59469433.9577623205,https://cf.shopee.vn/file/afcd6612ecaf5e55c0d8dd83f1bfa783,93,"Camera h√†nh tr√¨nh ONTEKCO S14 Ti·∫øng Vi·ªát chu·∫©n, h√¨nh s·∫£nh s·∫Øc n√©t 1080P, cam k·∫øt ho√†n ti·ªÅn",68,269000
https://shopee.vn/Gi√°-ƒë·ª°-camera-h√†nh-tr√¨nh-√¥-t√¥-v√†-camera-d·∫°ng-h√≠t-i.439687527.9453765435,https://cf.shopee.vn/file/cc08c7495adc4e2f83a7e9fb05711f57,97,Gi√° ƒë·ª° camera h√†nh tr√¨nh √¥ t√¥ v√† camera d·∫°ng h√≠t,279,14500
https://shopee.vn/M·∫∑t-d∆∞·ª°ng-camera-tr∆∞·ªõc-360-cho-xe-HYUNDAI-MD-022-i.463613513.12959339986,https://cf.shopee.vn/file/05d4ec522937bb73997e1ffe0e0947c0,99,M·∫∑t d∆∞·ª°ng camera tr∆∞·ªõc 360 cho xe HYUNDAI MD-022,98,80000
https://shopee.vn/B·ªô-Camera-L√πi-Xe-√î-T√¥-AHD-720P-25fps-V·ªõi-T·∫ßm-Nh√¨n-Ban-ƒê√™m-T·ªët-i.154342691.14840253980,https://cf.shopee.vn/file/e10397b9de4a8b7d1bc372a3fc9ba216,86,B·ªô Camera L√πi Xe √î T√¥ AHD 720P 25fps V·ªõi T·∫ßm Nh√¨n Ban ƒê√™m T·ªët,77,98500
https://shopee.vn/Camera-L√πi-Xe-12-B√≥ng-LED-CCD-Ch·ªëng-N∆∞·ªõc-Xoay-170-ƒê·ªô-H√¨nh-·∫¢nh-HD-i.206468529.16658936337,https://cf.shopee.vn/file/1ee6b0aa873dca6d54d32db49a159b0f,96,Camera L√πi Xe 12 B√≥ng LED CCD Ch·ªëng N∆∞·ªõc Xoay 170 ƒê·ªô H√¨nh ·∫¢nh HD,47,76000
https://shopee.vn/D√¢y-ngu·ªìn-cam-h√†nh-tr√¨nh-xe-h∆°i-tich-h·ª£p-2-c·ªïng-s·∫°c-USB-i.315978767.21740623615,https://cf.shopee.vn/file/55f42992cad1ed7cb9db62107a36aefd,100,D√¢y ngu·ªìn cam h√†nh tr√¨nh xe h∆°i - tich h·ª£p 2 c·ªïng s·∫°c USB,23,30000
https://shopee.vn/Camera-h√†nh-tr√¨nh-70mai-Pro-Plus-A500s-quay-tr∆∞·ªõc-sau-qu·ªëc-t·∫ø-ch√≠nh-h√£ng-ƒë·ªô-ph√¢n-gi·∫£i-si√™u-cao-1944p-i.329402900.7359961992,https://cf.shopee.vn/file/sg-11134201-22100-seocsmbzk5ive8,100,"Camera h√†nh tr√¨nh 70mai Pro Plus+ A500s quay tr∆∞·ªõc sau ,qu·ªëc t·∫ø ch√≠nh h√£ng ƒë·ªô ph√¢n gi·∫£i si√™u cao 1944p",41,1890000
https://shopee.vn/Camera-Chi·∫øu-H·∫≠u-AHD-720P-25fps-H·ªó-Tr·ª£-T·∫ßm-Nh√¨n-Ban-ƒê√™m-Ch·ªëng-Th·∫•m-N∆∞·ªõc-D√†nh-Cho-√î-T√¥-i.463832370.13793132368,https://cf.shopee.vn/file/6b4c5d8a4820a2454bdeafe863e3e861,85,Camera Chi·∫øu H·∫≠u AHD 720P 25fps H·ªó Tr·ª£ T·∫ßm Nh√¨n Ban ƒê√™m Ch·ªëng Th·∫•m N∆∞·ªõc D√†nh Cho √î T√¥,71,90000
https://shopee.vn/Camera-l√πi-h·ªìng-ngo·∫°i-VIETMAP-3089H-(b·∫£n-n√¢ng-c·∫•p-m·ªõi-2022)-cho-xe-h∆°i-i.73436667.21746602906,https://cf.shopee.vn/file/09e60bda981589aa40cb85d8f092b165,90,Camera l√πi h·ªìng ngo·∫°i VIETMAP 3089H (b·∫£n n√¢ng c·∫•p m·ªõi 2022) cho xe h∆°i,23,690000
https://shopee.vn/Camera-H√†nh-Tr√¨nh-√î-T√¥-ONTEKCO-S16-Full-HD-1296p-Ch·ªëng-Rung-Camera-Tr∆∞·ªõc-V√†-Sau-Oto-Si√™u-N√©t-i.59469433.20641942266,https://cf.shopee.vn/file/b3d18d710602ad4924a5e1366b33bbe1,91,Camera H√†nh Tr√¨nh √î T√¥ ONTEKCO S16 Full HD 1296p Ch·ªëng Rung Camera Tr∆∞·ªõc V√† Sau Oto Si√™u N√©t,77,429000
https://shopee.vn/Camera-Chi·∫øu-H·∫≠u-H√¨nh-M·∫Øt-C√°-Nh√¨n-Ban-ƒê√™m-G√≥c-R·ªông-170-ƒê·ªô-Cho-Xe-H∆°i-i.115715604.21513001284,https://cf.shopee.vn/file/5f53a2e0221f4194f775a6a46b312f03,100,Camera Chi·∫øu H·∫≠u H√¨nh M·∫Øt C√° Nh√¨n Ban ƒê√™m G√≥c R·ªông 170 ƒê·ªô Cho Xe H∆°i,5,105000
https://shopee.vn/Camera-H√†nh-Tr√¨nh-ONTEKCO-DASHCAM-·ªêng-K√≠nh-K√©p-3-Ghi-H√¨nh-DVR-1080P-h·ªìng-ngo·∫°i-ban-ƒë√™m-si√™u-s√°ng-i.706374110.10296745478,https://cf.shopee.vn/file/e53b67390037128b3ce7df0499691c1d,100,"Camera H√†nh Tr√¨nh ONTEKCO DASHCAM ·ªêng K√≠nh K√©p 3"" Ghi H√¨nh DVR 1080P h·ªìng ngo·∫°i ban ƒë√™m si√™u s√°ng",17,499000
https://shopee.vn/Ti·∫øng-Vi·ªát-camera-haÃÄnh-triÃÄnh-camera-xe-h∆°i-M√°y-ghi-h√¨nh-l√°i-xe-camera-k√©p-ph√≠a-tr∆∞·ªõc-v√†-ph√≠a-sau-2K-3-inch-ips-xem-ph√≠a-sau-Gi√°m-s√°t-b√£i-ƒë·∫≠u-xe-24-gi·ªù-t·∫ßm-nh√¨n-ban-ƒë√™m-Ghi-v√≤ng-l·∫∑p-Giao-h√†ng-24-gi·ªù-i.833842081.18832237370,https://cf.shopee.vn/file/sg-11134201-22100-ant3nkse72iv64,96,Ti·∫øng Vi·ªát camera haÃÄnh triÃÄnh camera xe h∆°i M√°y ghi h√¨nh l√°i xe camera k√©p ph√≠a tr∆∞·ªõc v√† ph√≠a sau 2K 3 inch ips xem ph√≠a sau Gi√°m s√°t b√£i ƒë·∫≠u xe 24 gi·ªù t·∫ßm nh√¨n ban ƒë√™m Ghi v√≤ng l·∫∑p Giao h√†ng 24 gi·ªù,145,585000
https://shopee.vn/Camera-h√†nh-tr√¨nh-70mai-A500S-cam-tr∆∞·ªõc-qu·ªëc-t·∫ø-c·∫£m-bi·∫øn-h√¨nh-·∫£nh-SONY-IMX335-c·∫£nh-b√°o-b·∫±ng-gi·ªçng-n√≥i-t·ª±-ƒë·ªông-i.329402900.9606562562,https://cf.shopee.vn/file/sg-11134201-22100-a85k6hj2k5iv9b,100,"Camera h√†nh tr√¨nh 70mai A500S cam tr∆∞·ªõc qu·ªëc t·∫ø, c·∫£m bi·∫øn h√¨nh ·∫£nh SONY IMX335, c·∫£nh b√°o b·∫±ng gi·ªçng n√≥i t·ª± ƒë·ªông",68,1890000
https://shopee.vn/Camera-l√πi-h·ªìng-ngo·∫°i-cho-xe-t·∫£i-ngu·ªìn-t·ª´-12-24V-18-ƒë√®n-h·ªìng-ngo·∫°i-v·ªè-b·∫±ng-h·ª£p-kim-si√™u-b·ªÅn-i.99552004.6913626110,https://cf.shopee.vn/file/ab2208386a322ecac894c12ec8a485b4,99,"Camera l√πi h·ªìng ngo·∫°i cho xe t·∫£i, ngu·ªìn t·ª´ 12-24V, 18 ƒë√®n h·ªìng ngo·∫°i, v·ªè b·∫±ng h·ª£p kim si√™u b·ªÅn",65,280000
https://shopee.vn/D√¢y-n·ªëi-d√†i-15-m√©t-10-m√©t-gi·ªØa-cam-h√†nh-tr√¨nh-g∆∞∆°ng-D07-v√†-l√πi-RC05-RC044-i.18418359.13882801691,https://cf.shopee.vn/file/e3a6bbfc4e8a51b856aa859818c8edf2,100,D√¢y n·ªëi d√†i 15 m√©t 10 m√©t gi·ªØa cam h√†nh tr√¨nh g∆∞∆°ng D07 v√† l√πi RC05 RC044,5,142000
https://shopee.vn/D√¢y-c·∫•p-ngu·ªìn-cho-camera-h√†nh-tr√¨nh-oto-1-ƒë·∫ßu-c·∫Øm-c·ªïng-USB-l·∫•y-ngu·ªìn-ƒë·∫ßu-c√≤n-l·∫°i-c·ªïng-c·∫Øm-cho-camera-d√†i-3.5m-i.14596070.7855286585,https://cf.shopee.vn/file/c393dc26e769d9eb7c68046024483ba9,91,"D√¢y c·∫•p ngu·ªìn cho camera h√†nh tr√¨nh oto, 1 ƒë·∫ßu c·∫Øm c·ªïng USB l·∫•y ngu·ªìn, ƒë·∫ßu c√≤n l·∫°i c·ªïng c·∫Øm cho camera, d√†i 3.5m",107,25000
https://shopee.vn/Camera-H√†nh-Tr√¨nh-Y2000-i.17989211.10038345767,https://cf.shopee.vn/file/4e82f0e3587488d330929e2a60be4e23,26,Camera H√†nh Tr√¨nh Y2000,8,200000
https://shopee.vn/Ch√¢n-ƒë·∫ø-c√†i-camera-h√†nh-tr√¨nh-xiaomi-Yi-Dashcam-i.18418359.2193617734,https://cf.shopee.vn/file/a75194b913e26a5ab85587a9bebd2870,98,Ch√¢n ƒë·∫ø c√†i camera h√†nh tr√¨nh xiaomi Yi Dashcam,157,75000
https://shopee.vn/T·∫©u-c·∫•p-ngu·ªìn-cho-camera-h√†nh-tr√¨nh-d√¢y-d√†i-3.5m-c√≥-c·∫ßu-ch√¨-i.14596070.3103628387,https://cf.shopee.vn/file/e462d8f42ce90d785798fa70c7ad32cb,98,"T·∫©u c·∫•p ngu·ªìn cho camera h√†nh tr√¨nh, d√¢y d√†i 3.5m, c√≥ c·∫ßu ch√¨",261,48000
https://shopee.vn/Pin-Xiaomi-Yi-Car-Pin-thay-th·∫ø-cho-Camera-h√†nh-tr√¨nh-Xiaomi-i.8453018.16584598569,https://cf.shopee.vn/file/4ee7f1b2a62c28a4b63402c62beb56bb,96,Pin Xiaomi Yi Car - Pin thay th·∫ø cho Camera h√†nh tr√¨nh Xiaomi,32,128700
https://shopee.vn/T·∫©u-s·∫°c-nhanh-√¥-t√¥-t√≠ch-h·ª£p-hai-c·ªïng-USB-c√≥-ƒë√®n-LED-hi·ªÉn-th·ªã-v√¥n-k·∫ø-cho-D√≤ng-Xe-Toyota-i.306168674.14705224214,https://cf.shopee.vn/file/125e77933a8030813a4df33e5be20ddd,95,T·∫©u s·∫°c nhanh √¥ t√¥ t√≠ch h·ª£p hai c·ªïng USB c√≥ ƒë√®n LED hi·ªÉn th·ªã v√¥n k·∫ø cho D√≤ng Xe Toyota,95,132873
https://shopee.vn/Camera-g∆∞∆°ng-h√†nh-tr√¨nh-70mai-D07-full-HD-1080P-qu·ªëc-t·∫ø-ch√≠nh-h√£ng-m√†n-h√¨nh-ch·ªëng-ch√≥i-ch·ªëng-l√≥a-i.329402900.4463491875,https://cf.shopee.vn/file/sg-11134201-22110-c4pmxfqc6cjvec,97,"Camera g∆∞∆°ng h√†nh tr√¨nh 70mai D07 full HD 1080P qu·ªëc t·∫ø ch√≠nh h√£ng, m√†n h√¨nh ch·ªëng ch√≥i, ch·ªëng l√≥a",23,2890000
https://shopee.vn/Camera-L√πi-C√°nh-B∆∞·ªõm-AHD-Sony-720p-L·∫Øp-DVD-Android-√î-T√¥-i.345363894.10620398871,https://cf.shopee.vn/file/sg-11134201-22120-t5ivsz4lm0kv3e,99,Camera L√πi C√°nh B∆∞·ªõm AHD Sony 720p L·∫Øp DVD Android √î T√¥,119,199000
https://shopee.vn/Camera-h√†nh-tr√¨nh-ONTEKCO-A50-m√†n-h√¨nh-4-inch-Full-HD-si√™u-n√©t-Ch·ªëng-Rung-t·ª±-ƒë·ªông-B·∫£o-H√†nh-12-Th√°ng-i.859581018.16885409825,https://cf.shopee.vn/file/29804fe81bdad74d824b298d1dd358a4,100,"Camera h√†nh tr√¨nh ONTEKCO A50,m√†n h√¨nh 4 inch Full HD si√™u n√©t, Ch·ªëng Rung t·ª± ƒë·ªông-B·∫£o H√†nh 12 Th√°ng",29,399000
https://shopee.vn/Camera-H√†nh-Tr√¨nh-√¥-t√¥-Full-HD-1080p-g√≥c-quay-170-ƒë·ªô-cam-h√†nh-tr√¨nh-h·ªó-tr·ª£-c·∫£m-bi·∫øn-va-ch·∫°m-c·∫£m-bi·∫øn-chuy·ªÉn-ƒë·ªông-nigh-i.226608943.19213286755,https://cf.shopee.vn/file/6565fd216cd7e0ecc98d35102f1eaa4b,100,"Camera H√†nh Tr√¨nh √¥ t√¥ Full HD 1080p g√≥c quay 170 ƒë·ªô, cam h√†nh tr√¨nh h·ªó tr·ª£ c·∫£m bi·∫øn va ch·∫°m, c·∫£m bi·∫øn chuy·ªÉn ƒë·ªông, nigh",71,529000
https://shopee.vn/Camera-xe-h∆°i-XL-360-xoay-360-ƒë·ªô-c·∫∑p-l·ªÅ-i.22020379.2347981727,https://cf.shopee.vn/file/910895fb269fb05f9c0feed8eb2c61de,95,Camera xe h∆°i XL 360 xoay 360 ƒë·ªô c·∫∑p l·ªÅ,178,180000
https://shopee.vn/Camera-Quan-S√°t-Ph√≠a-Sau-C√≥-H·ªìng-Ngo·∫°i-Nh√¨n-ƒê√™m-L0I8-Q8N1-HD-170-Cho-Xe-H∆°i-G2B3-i.527856468.14953898827,https://cf.shopee.vn/file/910d3b87f3e210f53fbbb035a4fc4eb6,86,Camera Quan S√°t Ph√≠a Sau C√≥ H·ªìng Ngo·∫°i Nh√¨n ƒê√™m L0I8 Q8N1 HD 170 Cho Xe H∆°i G2B3,17,58000
https://shopee.vn/Camera-L·ªÅ-√î-T√¥-Camera-C·∫∑p-L·ªÅ-Xe-√î-T√¥-Ti·ªán-L·ª£i-M√†n-H√¨nh(-4.3-V√†-5-Icnh-7icnh-)-LCD-R√µ-N√©t-Kh√¥ng-C·∫ßn-Khoan-G∆∞∆°ng-i.683659627.17802125452,https://cf.shopee.vn/file/185cda394e444befa96c656fa5816274,90,"Camera L·ªÅ √î T√¥ - Camera C·∫∑p L·ªÅ Xe √î T√¥ Ti·ªán L·ª£i, M√†n H√¨nh( 4.3 V√† 5 Icnh 7icnh ) LCD R√µ N√©t Kh√¥ng C·∫ßn Khoan G∆∞∆°ng",23,625000
https://shopee.vn/Camera-h√†nh-tr√¨nh-70mai-Dash-Cam-Lite-2-Phi√™n-b·∫£n-qu·ªëc-t·∫ø-i.53355040.17571208468,https://cf.shopee.vn/file/5240d40865cd6f4a5ab8cc973619ccb0,96,Camera h√†nh tr√¨nh 70mai Dash Cam Lite 2 - Phi√™n b·∫£n qu·ªëc t·∫ø,35,1109000
https://shopee.vn/d√¢y-camera-l√πi-√¥-t√¥-lo·∫°i-d√†i-15m-20m-i.256447139.4659807001,https://cf.shopee.vn/file/12529faeb98005c9926c9fea7e8fec07,99,"d√¢y camera l√πi √¥ t√¥ lo·∫°i d√†i 15m, 20m",80,59000
https://shopee.vn/Camera-L√πi-Xe-4-LED-8-LED-H·ªìng-Ngo·∫°i-120-ƒê·ªô-HD-H·ªó-Tr·ª£-ƒê·ªó-Xe-T·∫ßm-Nh√¨n-Ban-ƒê√™m-i.759356478.14781874581,https://cf.shopee.vn/file/388c7005a4591a0ac872f792bcbe622f,88,Camera L√πi Xe 4 LED / 8 LED / H·ªìng Ngo·∫°i 120 ƒê·ªô HD H·ªó Tr·ª£ ƒê·ªó Xe T·∫ßm Nh√¨n Ban ƒê√™m,53,72639
https://shopee.vn/Camera-l√πi-cho-xe-t·∫£i-ngu·ªìn-12-24V-24-ƒë√®n-Led-d√¢y-d√†i-10m-i.99552004.4200498640,https://cf.shopee.vn/file/985deb0bb1ca95615a9672f636bfc87f,100,"Camera l√πi cho xe t·∫£i, ngu·ªìn 12-24V, 24 ƒë√®n Led, d√¢y d√†i 10m",29,280000
https://shopee.vn/B·ªô-4-d√¢y-c√°p-n·ªëi-d√†i-camera-l√πi-4-ch√¢n-c·∫Øm-i.365998548.13001557221,https://cf.shopee.vn/file/4770b44224a6951c0668ddf0ddffb09f,91,B·ªô 4 d√¢y c√°p n·ªëi d√†i camera l√πi 4 ch√¢n c·∫Øm,14,17910
https://shopee.vn/Ph·ª•-ki·ªán-camera-h√†nh-tr√¨nh-t·∫©u-s·∫°c-d√¢y-c·∫•p-ngu·ªìn-c·ªïng-usb-t·∫©u-s·∫°c-cho-camera-Sonako-i.137267984.7432027502,https://cf.shopee.vn/file/2b47b0f48022a1d66e297ea5b1c2d4e5,98,"Ph·ª• ki·ªán camera h√†nh tr√¨nh, t·∫©u s·∫°c, d√¢y c·∫•p ngu·ªìn, c·ªïng usb t·∫©u s·∫°c cho camera Sonako",62,45000
https://shopee.vn/Camera-Imou-C22EP-ch√≠nh-h√£ng-g√≥c-r·ªông-i.50508055.7366280676,https://cf.shopee.vn/file/b716930051f908e9bbfb05140c54f73b,97,Camera Imou C22EP ch√≠nh h√£ng g√≥c r·ªông,2487,438000
https://shopee.vn/Camera-Imou-A42P-4MP-2K-si√™u-n√©t-ch√≠nh-h√£ng-DSS-i.50508055.3662077782,https://cf.shopee.vn/file/sg-11134201-23010-o9fbghx9eslvf3,96,Camera Imou A42P 4MP-2K si√™u n√©t ch√≠nh h√£ng DSS,3127,438000
https://shopee.vn/Camera-Imou-Cruiser-IPC-S42FP-IMOU-4MP-ch√≠nh-h√£ng-i.50508055.10975417725,https://cf.shopee.vn/file/vn-11134201-23020-x7dsedxflynvfa,98,Camera Imou Cruiser IPC-S42FP-IMOU 4MP ch√≠nh h√£ng,529,1333000
https://shopee.vn/Camera-Ezviz-C6N-1080P-FullHD-BH-2-nƒÉm-ch√≠nh-h√£ng-i.50508055.4041959900,https://cf.shopee.vn/file/vn-11134201-23020-bon89ujkoknv99,98,Camera Ezviz C6N 1080P FullHD BH 2 nƒÉm ch√≠nh h√£ng,160,490000
https://shopee.vn/(FNKvision)Camera-IP-Wifi-Yoosee-8-Led-Xem-ƒê√™m-C√≥-xoay-360-ƒë·ªô-ph√¢n-gi·∫£i-FULL-HD-5.0MP-Kh√¥ng-D√¢y-Camera-trong-nh√†-i.816505872.19852619911,https://cf.shopee.vn/file/sg-11134201-22100-ip1zeqpi0wivff,94,(FNKvision)Camera IP Wifi Yoosee 8 Led Xem ƒê√™m C√≥ xoay 360 ƒë·ªô ph√¢n gi·∫£i FULL HD 5.0MP Kh√¥ng D√¢y- Camera trong nh√†,1071,250000
